{
  "friends" : [ {
    "userIds" : [ "10597326538420605343" ],
    "profileIds" : [ "113838220974318344160" ],
    "contactId" : "-1",
    "photoUrl" : "/s2/photos/public/AIbEiAIAAABECOCv68yHlc-FwAEiC3ZjYXJkX3Bob3RvKig5YTdlYzEzMTVlNTJlOTY2MjU5ODQ2ZWYzOTU0YzU4ZTE4NDJkOGFhMAELMnChp7HBxD5M4EYhloINoMBBfQ",
    "location" : "Рязань",
    "stream" : "user/10597326538420605343/state/com.google/broadcast",
    "flags" : 33,
    "displayName" : "Mihail Merkulov",
    "givenName" : "Mihail",
    "n" : "",
    "p" : "",
    "occupation" : "Программист, бизнес-аналитик",
    "websites" : [ {
      "title" : "Mihail Merkulov",
      "url" : "http://www.youtube.com/user/SuperDoc62"
    }, {
      "title" : "Мой дневник",
      "url" : "http://mvm-life.ru"
    }, {
      "title" : "Мои общие записи в Google Reader",
      "url" : "http://www.google.com/reader/shared/10597326538420605343"
    } ],
    "hasSharedItemsOnProfile" : true
  } ]
}