{
  "id" : "user/10597326538420605343/state/com.google/broadcast",
  "title" : "doctor: общие записи в Google Reader",
  "author" : "doctor",
  "updated" : 1317697534,
  "direction" : "ltr",
  "items" : [ {
    "isReadStateLocked" : true,
    "commentInfo" : {
      "user/10597326538420605343/state/com.google/broadcast" : {
        "permalinkUrl" : "https://plus.google.com/113838220974318344160/posts/Ag8CKNBra1d",
        "commentState" : "VIEWER_CANNOT_COMMENT"
      }
    },
    "crawlTimeMsec" : "1317697534041",
    "timestampUsec" : "1317697534041339",
    "id" : "tag:google.com,2005:reader/item/0c3bbd66055e36f3",
    "categories" : [ "user/10597326538420605343/state/com.google/broadcast", "user/10597326538420605343/state/com.google/read", "user/10597326538420605343/state/com.google/starred", "user/10597326538420605343/state/com.google/tracking-item-link-used", "user/10597326538420605343/state/com.google/tracking-kept-unread", "видео" ],
    "title" : "Фильм Фрост-Никсон",
    "published" : 1317511568,
    "updated" : 1317512531,
    "alternate" : [ {
      "href" : "http://moscowlondon.livejournal.com/499932.html",
      "type" : "text/html"
    } ],
    "content" : {
      "direction" : "ltr",
      "content" : "Пересмотрел сейчас \"Фрост-Никсон\".<br><br>Один из лучших фильмов, я считаю. История реального интервью, которое уже бывший президент Никсон дал ведущему ток шоу Дэвиду Фросту в 1977 году. После скандала Вотергейт, соответственно.<br><br>Потрясающая игра актеров, режиссерская работа и сценарий. Просто блэск. Первый раз смотрел этот фильм в самолете по пути в Токио. До сих пор помню, как сидел и потел, вжавшись в кресло, во время сцены первого раунда интервью с Никсоном. Было полное ощущение присутствия - как будто я сижу и беседую с бывшим президентом под прицелом телекамер и жаром осветительного оборудования.<br><br>Смотреть обязательно всем, кто по работе так или иначе проводит интервью.<br><br>"
    },
    "comments" : [ ],
    "annotations" : [ ],
    "origin" : {
      "streamId" : "feed/http://moscowlondon.livejournal.com/data/atom",
      "title" : "Записки эмигранта (иностранного агента)",
      "htmlUrl" : "http://moscowlondon.livejournal.com/"
    }
  }, {
    "isReadStateLocked" : true,
    "commentInfo" : {
      "user/10597326538420605343/state/com.google/broadcast" : {
        "permalinkUrl" : "https://profiles.google.com/113838220974318344160/posts/WkzKMHNifL3",
        "commentState" : "VIEWER_CANNOT_COMMENT"
      }
    },
    "crawlTimeMsec" : "1312355990335",
    "timestampUsec" : "1312355990335109",
    "id" : "tag:google.com,2005:reader/item/d1631976754a38d3",
    "categories" : [ "user/10597326538420605343/state/com.google/broadcast", "user/10597326538420605343/state/com.google/read" ],
    "title" : "Перепост Сергея Доли :) Всероссийский субботник &quot;Блогеры против мусора&quot; 6 августа",
    "published" : 1312150222,
    "updated" : 1312150222,
    "alternate" : [ {
      "href" : "http://moscowlondon.livejournal.com/476069.html",
      "type" : "text/html"
    } ],
    "content" : {
      "direction" : "ltr",
      "content" : "Originally posted by <span style=\"white-space:nowrap\"><a href=\"http://sergeydolya.livejournal.com/profile\"><img src=\"http://l-files.livejournal.net/userhead/196\" alt=\"[info]\" width=\"17\" height=\"17\" style=\"vertical-align:bottom;border:0;padding-right:1px\"></a><a href=\"http://sergeydolya.livejournal.com/\"><b>sergeydolya</b></a></span> at <a href=\"http://sergeydolya.livejournal.com/354574.html\">Всероссийский субботник &quot;Блогеры против мусора&quot;. 6 августа.</a><div><img width=\"900\" alt=\"\" src=\"http://gallery.me.com/sdolya/100048/z_7085a9f2/web.jpg\"><br><br>Я хочу, чтобы каждый понимал: я никого не призываю становиться дворником, не уговариваю копаться в свалках, не укоряю и не обвиняю. Я призываю поменять свое отношение к порядку, который закрепился среди нас с вами.<br><br>Существует миллион причин, почему в наши подъезды иногда неприятно заходить, а проходя мимо парка, мы не замечаем валяющиеся бутылки, пустые пачки сигарет, пакеты… Понятно, что за всем этим кто-то должен следить. Но кто? <br><br>Странные слова «администрация» или «правительство». Мне кажется, что некоторые связывают эти понятия со всегда недремлющим оком, которое имеет безграничную власть, всем все должна, во всем всегда виновата и, уж тем более, должна убирать за всех нас. <b>Я выкинул мусор в кусты, но я плачу налоги, так что завтра обязательно кто-то найдет мою бутылку и уберет</b>. Друзья, хватит себя обманывать, это не так! <br><br>Да, мы платим налоги. Но достаточно ли этого? Есть ли у нас желание добавить к ним еще немного наших денег, чтобы «администрация» купила, наконец-то, контейнеры и прибавила зарплаты дворникам? Может, она должна расширить штат «трудяг», которые будут подбирать наши фантики и бычки в лесах, на обочинах, на побережьях? <br><br>Теперь признайтесь, в каком случае вы пойдете работать дворником. Будете ли вы любить свою работу и относится к ней ответственно (героически вытаскивать, например, из оврага чей-то пакетик с детскими подгузниками)?<br><br>НЕТ. В итоге, нам остается только возмущаться. <br><br>Я не прошу Вас прийти на нашу акцию 6 августа. <b>Я прошу вас очнуться и решить для себя раз и навсегда, равнодушны лично вы к вопросам чистоты и порядка в месте, в котором вы живете, или нет</b>.<br><br>Я объездил 65 стран, и только в самых бедных из них люди не заботятся о внешнем виде своих городов и поселений. Нам еще нужно много сделать и пережить, чтобы наше общество стало ставить в приоритет аккуратность, рациональное отношение к ресурсам, чтобы каждый уважающий себя человек считал своим долгом сделать замечание нарушающему порядок. <br><br>Но это общество состоит из нас с Вами. Давайте начнем уже сегодня понемногу менять ситуацию и, может быть, к нашей старости мы будем знать, что <b>мы с вами выиграли самую коварную войну – войну со своим безразличием</b>.<br><br>Вспомните, еще лет 5 назад можно было запросто увидеть внедорожники, объезжающие пробку по газону или по тротуару, а потом общественное мнение стало меняться, наша манера вождения стала меняться, наше отношение к таким людям изменилось и сегодня увидеть машину на тротуаре - это большая редкость. Если мы смогли изменить свой менталитет в части вождения, то сможем изменить его и в части бережного отношения к окружающей среде. <br><br>Акция «Блогер против мусора» - это шаг, который, как мне кажется, способен запустить сложный механизм борьбы с самим собой за право жить в чистом и цивилизованном мире...<br><br><img alt=\"\" src=\"http://gallery.me.com/sdolya/101788/20110717_marocco_091/web.jpg\"><br><br>Этот пост предназначен для тех, кто ещё ничего не знает про нашу акцию, но очень хочет узнать о ней как можно больше и принять в ней участие. <br><br>Самая полная информация о мероприятии подробно изложена в <a href=\"https://docs.google.com/document/d/1aLL9xnMHvVME_H3NuuOWELLiWF4GJBJsCOCTAbXtTdg/edit?hl=en_US\">этом документе</a><br><br>Если вы уже готовы принять участие в нашей Акции, но не знаете, как это сделать, то стоит обратиться к куратору в вашем городе. Список c контактами кураторов есть <a href=\"https://spreadsheets0.google.com/spreadsheet/ccc?key=0AjzknsF0Q4zndEl5alc3cmNxeVpBZE45NEJ1NUlyeVE&amp;hl=en_US#gid=0\">здесь</a>.<br><br>В <a href=\"https://spreadsheets.google.com/spreadsheet/ccc?key=0AjzknsF0Q4zndEZKcHYxN1hUTmxmWWhMcGM5SlViWEE&amp;hl=en_US#gid=0\">Москве</a> и <a href=\"https://spreadsheets0.google.com/spreadsheet/ccc?key=0AjzknsF0Q4zndHFpeGhOa0YtTGViZ1NxNDI4WVVFR2c&amp;hl=en_US#gid=0\">Санкт-Петербурге</a> Акция пройдет в нескольких местах. Выбирайте ближайшее к себе. Я выйду на акцию в парке Лосиный остров. Присоединяйтесь! Скучно не будет! <br><br><a href=\"http://maps.yandex.ru/?um=bkjVduksHvQw22r1K45wLtr_lRHyA6yz&amp;ll=77.802328%2C58.330077&amp;spn=182.636719%2C63.801542&amp;z=3&amp;l=map\">Посмотреть на Яндекс.Картах</a><br><br>Если у вас ещё остались вопросы, то можно задать их координатору проекта Равелле по почте: <a href=\"mailto:blogerprotiv@gmail.com\">blogerprotiv@gmail.com</a><br><br>Либо связаться с нами через соцсети: <a href=\"http://www.facebook.com/pages/%D0%91%D0%BB%D0%BE%D0%B3%D0%B5%D1%80-%D0%BF%D1%80%D0%BE%D1%82%D0%B8%D0%B2-%D0%BC%D1%83%D1%81%D0%BE%D1%80%D0%B0/207011852647304\">Facebook</a>, <a href=\"http://vkontakte.ru/blogerprotiv\">ВКонтакте</a> или наше сообщество в жж <span style=\"white-space:nowrap\"><a href=\"http://blogerprotiv.livejournal.com/profile\"><img src=\"http://l-stat.livejournal.com/img/community.gif?v=3\" alt=\"[info]\" width=\"16\" height=\"16\" style=\"vertical-align:bottom;border:0;padding-right:1px\"></a><a href=\"http://blogerprotiv.livejournal.com/\"><b>blogerprotiv</b></a></span> .<br><br>Сочувствующие нам ребята из <a href=\"http://conceptvision.ru/\">Concept Vision Agency</a> сделали ролик, призывающий задуматься о проблемах мусора и с призывом выйти на акцию. Ролик получился очень прикольный  и динамичный. Посмотрите сами и покажите друзьям. <b>Пиар ролика в частности и всей акции в целом приветствуется и приравнивается к участию в акции</b>: <br><br></div>"
    },
    "comments" : [ ],
    "annotations" : [ ],
    "origin" : {
      "streamId" : "feed/http://moscowlondon.livejournal.com/data/atom",
      "title" : "Записки эмигранта (иностранного агента)",
      "htmlUrl" : "http://moscowlondon.livejournal.com/"
    }
  } ]
}