{
  "id" : "user/10597326538420605343/state/com.google/starred",
  "title" : "doctor: отмеченные записи в Google Reader",
  "author" : "doctor",
  "updated" : 1317697525,
  "direction" : "ltr",
  "items" : [ {
    "isReadStateLocked" : true,
    "crawlTimeMsec" : "1317697525540",
    "timestampUsec" : "1317697525540182",
    "id" : "tag:google.com,2005:reader/item/0c3bbd66055e36f3",
    "categories" : [ "user/10597326538420605343/state/com.google/broadcast", "user/10597326538420605343/state/com.google/read", "user/10597326538420605343/state/com.google/starred", "user/10597326538420605343/state/com.google/tracking-item-link-used", "user/10597326538420605343/state/com.google/tracking-kept-unread", "видео" ],
    "title" : "Фильм Фрост-Никсон",
    "published" : 1317511568,
    "updated" : 1317512531,
    "alternate" : [ {
      "href" : "http://moscowlondon.livejournal.com/499932.html",
      "type" : "text/html"
    } ],
    "content" : {
      "direction" : "ltr",
      "content" : "Пересмотрел сейчас \"Фрост-Никсон\".<br><br>Один из лучших фильмов, я считаю. История реального интервью, которое уже бывший президент Никсон дал ведущему ток шоу Дэвиду Фросту в 1977 году. После скандала Вотергейт, соответственно.<br><br>Потрясающая игра актеров, режиссерская работа и сценарий. Просто блэск. Первый раз смотрел этот фильм в самолете по пути в Токио. До сих пор помню, как сидел и потел, вжавшись в кресло, во время сцены первого раунда интервью с Никсоном. Было полное ощущение присутствия - как будто я сижу и беседую с бывшим президентом под прицелом телекамер и жаром осветительного оборудования.<br><br>Смотреть обязательно всем, кто по работе так или иначе проводит интервью.<br><br>"
    },
    "comments" : [ ],
    "annotations" : [ ],
    "origin" : {
      "streamId" : "feed/http://moscowlondon.livejournal.com/data/atom",
      "title" : "Записки эмигранта (иностранного агента)",
      "htmlUrl" : "http://moscowlondon.livejournal.com/"
    }
  }, {
    "isReadStateLocked" : true,
    "crawlTimeMsec" : "1309162574157",
    "timestampUsec" : "1309162574157533",
    "id" : "tag:google.com,2005:reader/item/4a6c0295c95cc998",
    "categories" : [ "user/10597326538420605343/state/com.google/read", "user/10597326538420605343/state/com.google/starred" ],
    "title" : "Цитата #411972",
    "published" : 1308905102,
    "updated" : 1308905102,
    "alternate" : [ {
      "href" : "http://bash.org.ru/quote/411972",
      "type" : "text/html"
    } ],
    "summary" : {
      "direction" : "ltr",
      "content" : "xxx: Просыпаюсь, говорит, утром, стандартная картина, голова болит, похмелье - как ведро медовухи выпил. Мысли вслух - &quot;Такое чувство, что вчера на свадьбе пил, но не помню на чьей!&quot; - рядом голос: &quot;Что значит на чьей, милый?&quot; - ну, блондинка-то рядом лежавшая, просто пошутить решила =)<br>xxx: А Серега потом пить бросил..."
    },
    "comments" : [ ],
    "annotations" : [ ],
    "origin" : {
      "streamId" : "feed/http://bash.org.ru/rss",
      "title" : "Bash.im",
      "htmlUrl" : "http://bash.im/"
    }
  }, {
    "isReadStateLocked" : true,
    "crawlTimeMsec" : "1308993309496",
    "timestampUsec" : "1308993309496247",
    "id" : "tag:google.com,2005:reader/item/345a00f9304423e1",
    "categories" : [ "user/10597326538420605343/state/com.google/read", "user/10597326538420605343/state/com.google/starred" ],
    "title" : "Цитата #411941",
    "published" : 1308809581,
    "updated" : 1308809581,
    "alternate" : [ {
      "href" : "http://bash.org.ru/quote/411941",
      "type" : "text/html"
    } ],
    "summary" : {
      "direction" : "ltr",
      "content" : "Знакомый рассказывал. Был он на Черном море, и решил с пирса порыбачить, ибо бухать, купаться и загорать уже надоело. Ничего не клевало, в очередной раз сделал заброс, и тут чайка на лету хватает наживку, естественно, вместе с крючком.<br>Знакомый: Стою как мудак с удочкой в руках, леса натянута в небо, на конце лески верещит дурным голосом ёбаная хуйня в виде чайки. Вокруг все ржут. Обрезал леску, да пошла к черту такая рыбалка."
    },
    "comments" : [ ],
    "annotations" : [ ],
    "origin" : {
      "streamId" : "feed/http://bash.org.ru/rss",
      "title" : "Bash.im",
      "htmlUrl" : "http://bash.im/"
    }
  }, {
    "isReadStateLocked" : true,
    "crawlTimeMsec" : "1308993287924",
    "timestampUsec" : "1308993287924632",
    "id" : "tag:google.com,2005:reader/item/95132679151923f8",
    "categories" : [ "user/10597326538420605343/state/com.google/read", "user/10597326538420605343/state/com.google/starred" ],
    "title" : "Цитата #411961",
    "published" : 1308895921,
    "updated" : 1308895921,
    "alternate" : [ {
      "href" : "http://bash.org.ru/quote/411961",
      "type" : "text/html"
    } ],
    "summary" : {
      "direction" : "ltr",
      "content" : "trap-o-fapper: Приехал на недельку погостить в отчий дом<br>trap-o-fapper: Пока в отпуске<br>trap-o-fapper: Вчера вечером мать заходит ко мне в комнату:<br>trap-o-fapper: Говорит &quot;У меня, случаем, внуков не намечается?&quot;<br>trap-o-fapper: Я в непонятку<br>trap-o-fapper: Она выуживает телефон из-за спины, говорит &quot;Нет, девушка, вы ошиблись номером&quot; и кладет трубку."
    },
    "comments" : [ ],
    "annotations" : [ ],
    "origin" : {
      "streamId" : "feed/http://bash.org.ru/rss",
      "title" : "Bash.im",
      "htmlUrl" : "http://bash.im/"
    }
  }, {
    "isReadStateLocked" : true,
    "crawlTimeMsec" : "1308993267352",
    "timestampUsec" : "1308993267352054",
    "id" : "tag:google.com,2005:reader/item/5d8586b19a13c3fb",
    "categories" : [ "user/10597326538420605343/state/com.google/read", "user/10597326538420605343/state/com.google/starred" ],
    "title" : "Цитата #411971",
    "published" : 1308905041,
    "updated" : 1308905041,
    "alternate" : [ {
      "href" : "http://bash.org.ru/quote/411971",
      "type" : "text/html"
    } ],
    "summary" : {
      "direction" : "ltr",
      "content" : "flaiye: да я вашу планету в Google Earth вертел"
    },
    "comments" : [ ],
    "annotations" : [ ],
    "origin" : {
      "streamId" : "feed/http://bash.org.ru/rss",
      "title" : "Bash.im",
      "htmlUrl" : "http://bash.im/"
    }
  }, {
    "isReadStateLocked" : true,
    "crawlTimeMsec" : "1308993266024",
    "timestampUsec" : "1308993266024746",
    "id" : "tag:google.com,2005:reader/item/4add97763ab2a787",
    "categories" : [ "user/10597326538420605343/state/com.google/read", "user/10597326538420605343/state/com.google/starred" ],
    "title" : "Цитата #411970",
    "published" : 1308903189,
    "updated" : 1308903189,
    "alternate" : [ {
      "href" : "http://bash.org.ru/quote/411970",
      "type" : "text/html"
    } ],
    "summary" : {
      "direction" : "ltr",
      "content" : "xxx: подкаблучник.<br>yyy: мужчина, допускающий разумные и обоснованные компромиссы ради борща, секса и борща.<br>я так это предпочитаю называть"
    },
    "comments" : [ ],
    "annotations" : [ ],
    "origin" : {
      "streamId" : "feed/http://bash.org.ru/rss",
      "title" : "Bash.im",
      "htmlUrl" : "http://bash.im/"
    }
  }, {
    "isReadStateLocked" : true,
    "crawlTimeMsec" : "1308993262949",
    "timestampUsec" : "1308993262949947",
    "id" : "tag:google.com,2005:reader/item/d31938d0f9b71f28",
    "categories" : [ "user/10597326538420605343/state/com.google/read", "user/10597326538420605343/state/com.google/starred" ],
    "title" : "Цитата #411954",
    "published" : 1308888721,
    "updated" : 1308888721,
    "alternate" : [ {
      "href" : "http://bash.org.ru/quote/411954",
      "type" : "text/html"
    } ],
    "summary" : {
      "direction" : "ltr",
      "content" : "&lt;xxx&gt; да я спал тоже хреново сегодня, тоже разбитый.<br>&lt;xxx&gt; комары появились.<br>&lt;xxx&gt; полночи фумитокс искал.<br>&lt;yyy&gt; а они полночи его прятали"
    },
    "comments" : [ ],
    "annotations" : [ ],
    "origin" : {
      "streamId" : "feed/http://bash.org.ru/rss",
      "title" : "Bash.im",
      "htmlUrl" : "http://bash.im/"
    }
  } ]
}